"","r_idx","ENZYME","SYMBOL","ENSEMBL","ENTREZID","met_lfc","met_pval","pathway"
"1",1,"5.4.2.4","BPGM","ENSG00000172331","669",-4.44089209850063e-16,1,"Glycolysis"
"2",1,"5.4.2.11",NA,NA,NA,-4.44089209850063e-16,1,"Glycolysis"
"3",1,"5.4.2.4","BPGM","ENSG00000172331","669",-4.44089209850063e-16,1,"Glycolysis"
"4",1,"5.4.2.11",NA,NA,NA,-4.44089209850063e-16,1,"Glycolysis"
"5",1,"5.4.2.11",NA,NA,NA,-4.44089209850063e-16,1,"Glycolysis"
"6",1,"5.4.2.11",NA,NA,NA,-4.44089209850063e-16,1,"Glycolysis"
"7",2,"5.4.2.4","BPGM","ENSG00000172331","669",-3.5527136788005e-15,1,"Glycolysis"
"8",2,"5.4.2.11",NA,NA,NA,-3.5527136788005e-15,1,"Glycolysis"
"9",2,"5.4.2.4","BPGM","ENSG00000172331","669",-3.5527136788005e-15,1,"Glycolysis"
"10",2,"5.4.2.11",NA,NA,NA,-3.5527136788005e-15,1,"Glycolysis"
"11",2,"5.4.2.11",NA,NA,NA,-3.5527136788005e-15,1,"Glycolysis"
"12",2,"5.4.2.11",NA,NA,NA,-3.5527136788005e-15,1,"Glycolysis"
"13",3,"3.1.3.13","BPGM","ENSG00000172331","669",-3.5527136788005e-15,1,"Glycolysis"
"14",4,"4.2.1.11","ENO1","ENSG00000074800","2023",0.0794061970531192,1,"Glycolysis"
"15",4,"4.2.1.11","ENO2","ENSG00000111674","2026",0.0794061970531192,1,"Glycolysis"
"16",4,"4.2.1.11","ENO3","ENSG00000108515","2027",0.0794061970531192,1,"Glycolysis"
"17",4,"4.2.1.11","ENO1","ENSG00000074800","2023",0.0794061970531192,1,"Glycolysis"
"18",4,"4.2.1.11","ENO2","ENSG00000111674","2026",0.0794061970531192,1,"Glycolysis"
"19",4,"4.2.1.11","ENO3","ENSG00000108515","2027",0.0794061970531192,1,"Glycolysis"
"20",5,"4.2.1.11","ENO1","ENSG00000074800","2023",-8.88178419700125e-16,1,"Glycolysis"
"21",5,"4.2.1.11","ENO2","ENSG00000111674","2026",-8.88178419700125e-16,1,"Glycolysis"
"22",5,"4.2.1.11","ENO3","ENSG00000108515","2027",-8.88178419700125e-16,1,"Glycolysis"
"23",5,"4.2.1.11","ENO1","ENSG00000074800","2023",-8.88178419700125e-16,1,"Glycolysis"
"24",5,"4.2.1.11","ENO2","ENSG00000111674","2026",-8.88178419700125e-16,1,"Glycolysis"
"25",5,"4.2.1.11","ENO3","ENSG00000108515","2027",-8.88178419700125e-16,1,"Glycolysis"
"26",6,"4.1.2.13","ALDOA","ENSG00000149925","226",0.322272690554819,0.65503876469712,"Glycolysis"
"27",6,"4.1.2.13","ALDOB","ENSG00000136872","229",0.322272690554819,0.65503876469712,"Glycolysis"
"28",6,"4.1.2.13","ALDOC","ENSG00000109107","230",0.322272690554819,0.65503876469712,"Glycolysis"
"29",6,"4.1.2.13","ALDOA","ENSG00000149925","226",0.322272690554819,0.65503876469712,"Glycolysis"
"30",6,"4.1.2.13","ALDOB","ENSG00000136872","229",0.322272690554819,0.65503876469712,"Glycolysis"
"31",6,"4.1.2.13","ALDOC","ENSG00000109107","230",0.322272690554819,0.65503876469712,"Glycolysis"
"32",7,"4.1.2.13","ALDOA","ENSG00000149925","226",0.304655058721655,0.598862882062521,"Glycolysis"
"33",7,"4.1.2.13","ALDOB","ENSG00000136872","229",0.304655058721655,0.598862882062521,"Glycolysis"
"34",7,"4.1.2.13","ALDOC","ENSG00000109107","230",0.304655058721655,0.598862882062521,"Glycolysis"
"35",7,"4.1.2.13","ALDOA","ENSG00000149925","226",0.304655058721655,0.598862882062521,"Glycolysis"
"36",7,"4.1.2.13","ALDOB","ENSG00000136872","229",0.304655058721655,0.598862882062521,"Glycolysis"
"37",7,"4.1.2.13","ALDOC","ENSG00000109107","230",0.304655058721655,0.598862882062521,"Glycolysis"
"38",8,"3.1.3.11","FBP1","ENSG00000165140","2203",0.322272690554819,0.65503876469712,"Glycolysis"
"39",8,"3.1.3.11","FBP2","ENSG00000130957","8789",0.322272690554819,0.65503876469712,"Glycolysis"
"40",9,"1.2.1.12","GAPDH","ENSG00000111640","2597",0.1282720208002,0.918260126933063,"Glycolysis"
"41",9,"1.2.1.12","GAPDHS","ENSG00000105679","26330",0.1282720208002,0.918260126933063,"Glycolysis"
"42",9,"1.2.1.59",NA,NA,NA,0.1282720208002,0.918260126933063,"Glycolysis"
"43",9,"1.2.1.12","GAPDH","ENSG00000111640","2597",0.1282720208002,0.918260126933063,"Glycolysis"
"44",9,"1.2.1.12","GAPDHS","ENSG00000105679","26330",0.1282720208002,0.918260126933063,"Glycolysis"
"45",9,"1.2.1.59",NA,NA,NA,0.1282720208002,0.918260126933063,"Glycolysis"
"46",10,"1.2.1.12","GAPDH","ENSG00000111640","2597",0,1,"Glycolysis"
"47",10,"1.2.1.12","GAPDHS","ENSG00000105679","26330",0,1,"Glycolysis"
"48",10,"1.2.1.59",NA,NA,NA,0,1,"Glycolysis"
"49",10,"1.2.1.12","GAPDH","ENSG00000111640","2597",0,1,"Glycolysis"
"50",10,"1.2.1.12","GAPDHS","ENSG00000105679","26330",0,1,"Glycolysis"
"51",10,"1.2.1.59",NA,NA,NA,0,1,"Glycolysis"
"52",11,"2.7.1.11","PFKL","ENSG00000141959","5211",3.00464496854789,0.0422856411395466,"Glycolysis"
"53",11,"2.7.1.11","PFKM","ENSG00000152556","5213",3.00464496854789,0.0422856411395466,"Glycolysis"
"54",11,"2.7.1.11","PFKP","ENSG00000067057","5214",3.00464496854789,0.0422856411395466,"Glycolysis"
"55",12,"5.3.1.9","GPI","ENSG00000105220","2821",-0.485090984802817,0.306819628294274,"Glycolysis"
"56",12,"5.3.1.9","GPI","ENSG00000282019","2821",-0.485090984802817,0.306819628294274,"Glycolysis"
"57",12,"5.3.1.9","GPI","ENSG00000105220","2821",-0.485090984802817,0.306819628294274,"Glycolysis"
"58",12,"5.3.1.9","GPI","ENSG00000282019","2821",-0.485090984802817,0.306819628294274,"Glycolysis"
"59",13,"5.3.1.9","GPI","ENSG00000105220","2821",1.69013023558,0.0422856411395466,"Glycolysis"
"60",13,"5.3.1.9","GPI","ENSG00000282019","2821",1.69013023558,0.0422856411395466,"Glycolysis"
"61",13,"5.3.1.9","GPI","ENSG00000105220","2821",1.69013023558,0.0422856411395466,"Glycolysis"
"62",13,"5.3.1.9","GPI","ENSG00000282019","2821",1.69013023558,0.0422856411395466,"Glycolysis"
"63",14,"3.6.1.7","ACYP1","ENSG00000119640","97",-4.44089209850063e-16,1,"Glycolysis"
"64",14,"3.6.1.7","ACYP2","ENSG00000170634","98",-4.44089209850063e-16,1,"Glycolysis"
"65",15,"2.7.2.3","PGK1","ENSG00000102144","5230",0.66491785035587,0.639612610791184,"Glycolysis"
"66",15,"2.7.2.3","PGK2","ENSG00000170950","5232",0.66491785035587,0.639612610791184,"Glycolysis"
"67",15,"2.7.2.3","PGK1","ENSG00000102144","5230",0.66491785035587,0.639612610791184,"Glycolysis"
"68",15,"2.7.2.3","PGK2","ENSG00000170950","5232",0.66491785035587,0.639612610791184,"Glycolysis"
"69",16,"2.7.2.3","PGK1","ENSG00000102144","5230",0.558903821610595,0.0422856411395466,"Glycolysis"
"70",16,"2.7.2.3","PGK2","ENSG00000170950","5232",0.558903821610595,0.0422856411395466,"Glycolysis"
"71",16,"2.7.2.3","PGK1","ENSG00000102144","5230",0.558903821610595,0.0422856411395466,"Glycolysis"
"72",16,"2.7.2.3","PGK2","ENSG00000170950","5232",0.558903821610595,0.0422856411395466,"Glycolysis"
"73",17,"5.4.2.11",NA,NA,NA,0.0794061970531192,1,"Glycolysis"
"74",17,"5.4.2.11",NA,NA,NA,0.0794061970531192,1,"Glycolysis"
"75",17,"5.4.2.11",NA,NA,NA,0.0794061970531192,1,"Glycolysis"
"76",17,"5.4.2.12",NA,NA,NA,0.0794061970531192,1,"Glycolysis"
"77",17,"5.4.2.11",NA,NA,NA,0.0794061970531192,1,"Glycolysis"
"78",17,"5.4.2.12",NA,NA,NA,0.0794061970531192,1,"Glycolysis"
"79",18,"5.4.2.11",NA,NA,NA,-0.649596882612024,0.65503876469712,"Glycolysis"
"80",18,"5.4.2.11",NA,NA,NA,-0.649596882612024,0.65503876469712,"Glycolysis"
"81",18,"5.4.2.11",NA,NA,NA,-0.649596882612024,0.65503876469712,"Glycolysis"
"82",18,"5.4.2.12",NA,NA,NA,-0.649596882612024,0.65503876469712,"Glycolysis"
"83",18,"5.4.2.11",NA,NA,NA,-0.649596882612024,0.65503876469712,"Glycolysis"
"84",18,"5.4.2.12",NA,NA,NA,-0.649596882612024,0.65503876469712,"Glycolysis"
"85",19,"5.4.2.2","PGM1","ENSG00000079739","5236",-0.17612674901585,1,"Glycolysis"
"86",19,"5.4.2.2","PGM2","ENSG00000169299","55276",-0.17612674901585,1,"Glycolysis"
"87",19,"5.4.2.5",NA,NA,NA,-0.17612674901585,1,"Glycolysis"
"88",19,"5.4.2.2","PGM1","ENSG00000079739","5236",-0.17612674901585,1,"Glycolysis"
"89",19,"5.4.2.2","PGM2","ENSG00000169299","55276",-0.17612674901585,1,"Glycolysis"
"90",19,"5.4.2.5",NA,NA,NA,-0.17612674901585,1,"Glycolysis"
"91",19,"5.4.2.2","PGM1","ENSG00000079739","5236",-0.17612674901585,1,"Glycolysis"
"92",19,"5.4.2.2","PGM2","ENSG00000169299","55276",-0.17612674901585,1,"Glycolysis"
"93",19,"5.4.2.2","PGM1","ENSG00000079739","5236",-0.17612674901585,1,"Glycolysis"
"94",19,"5.4.2.2","PGM2","ENSG00000169299","55276",-0.17612674901585,1,"Glycolysis"
"95",20,"5.4.2.2","PGM1","ENSG00000079739","5236",-0.485090984802817,0.306819628294274,"Glycolysis"
"96",20,"5.4.2.2","PGM2","ENSG00000169299","55276",-0.485090984802817,0.306819628294274,"Glycolysis"
"97",20,"5.4.2.5",NA,NA,NA,-0.485090984802817,0.306819628294274,"Glycolysis"
"98",20,"5.4.2.2","PGM1","ENSG00000079739","5236",-0.485090984802817,0.306819628294274,"Glycolysis"
"99",20,"5.4.2.2","PGM2","ENSG00000169299","55276",-0.485090984802817,0.306819628294274,"Glycolysis"
"100",20,"5.4.2.5",NA,NA,NA,-0.485090984802817,0.306819628294274,"Glycolysis"
"101",20,"5.4.2.2","PGM1","ENSG00000079739","5236",-0.485090984802817,0.306819628294274,"Glycolysis"
"102",20,"5.4.2.2","PGM2","ENSG00000169299","55276",-0.485090984802817,0.306819628294274,"Glycolysis"
"103",20,"5.4.2.2","PGM1","ENSG00000079739","5236",-0.485090984802817,0.306819628294274,"Glycolysis"
"104",20,"5.4.2.2","PGM2","ENSG00000169299","55276",-0.485090984802817,0.306819628294274,"Glycolysis"
"105",21,"2.7.1.40","PKLR","ENSG00000143627","5313",0.558903821610594,0.0422856411395466,"Glycolysis"
"106",21,"2.7.1.40","PKLR","ENSG00000262785","5313",0.558903821610594,0.0422856411395466,"Glycolysis"
"107",21,"2.7.1.40","PKM","ENSG00000067225","5315",0.558903821610594,0.0422856411395466,"Glycolysis"
"108",22,"5.3.1.1","TPI1","ENSG00000111669","7167",0.304655058721653,0.598862882062521,"Glycolysis"
"109",22,"5.3.1.1","TPI1","ENSG00000111669","7167",0.304655058721653,0.598862882062521,"Glycolysis"
"110",23,"5.3.1.1","TPI1","ENSG00000111669","7167",-4.44089209850063e-16,1,"Glycolysis"
"111",23,"5.3.1.1","TPI1","ENSG00000111669","7167",-4.44089209850063e-16,1,"Glycolysis"
"112",24,"1.1.1.27","LDHA","ENSG00000134333","3939",0.851765815054225,0.182671355604584,"Glycolysis"
"113",24,"1.1.1.27","LDHB","ENSG00000111716","3945",0.851765815054225,0.182671355604584,"Glycolysis"
"114",24,"1.1.1.27","LDHC","ENSG00000166796","3948",0.851765815054225,0.182671355604584,"Glycolysis"
"115",24,"1.1.1.27","LDHAL6B","ENSG00000171989","92483",0.851765815054225,0.182671355604584,"Glycolysis"
"116",24,"1.1.1.27","LDHAL6A","ENSG00000166800","160287",0.851765815054225,0.182671355604584,"Glycolysis"
"117",24,"1.1.1.27","LDHA","ENSG00000134333","3939",0.851765815054225,0.182671355604584,"Glycolysis"
"118",24,"1.1.1.27","LDHB","ENSG00000111716","3945",0.851765815054225,0.182671355604584,"Glycolysis"
"119",24,"1.1.1.27","LDHC","ENSG00000166796","3948",0.851765815054225,0.182671355604584,"Glycolysis"
"120",24,"1.1.1.27","LDHAL6B","ENSG00000171989","92483",0.851765815054225,0.182671355604584,"Glycolysis"
"121",24,"1.1.1.27","LDHAL6A","ENSG00000166800","160287",0.851765815054225,0.182671355604584,"Glycolysis"
"122",25,"1.1.1.27","LDHA","ENSG00000134333","3939",0,1,"Glycolysis"
"123",25,"1.1.1.27","LDHB","ENSG00000111716","3945",0,1,"Glycolysis"
"124",25,"1.1.1.27","LDHC","ENSG00000166796","3948",0,1,"Glycolysis"
"125",25,"1.1.1.27","LDHAL6B","ENSG00000171989","92483",0,1,"Glycolysis"
"126",25,"1.1.1.27","LDHAL6A","ENSG00000166800","160287",0,1,"Glycolysis"
"127",25,"1.1.1.27","LDHA","ENSG00000134333","3939",0,1,"Glycolysis"
"128",25,"1.1.1.27","LDHB","ENSG00000111716","3945",0,1,"Glycolysis"
"129",25,"1.1.1.27","LDHC","ENSG00000166796","3948",0,1,"Glycolysis"
"130",25,"1.1.1.27","LDHAL6B","ENSG00000171989","92483",0,1,"Glycolysis"
"131",25,"1.1.1.27","LDHAL6A","ENSG00000166800","160287",0,1,"Glycolysis"
"132",26,"1.1.1.49","G6PD","ENSG00000160211","2539",-0.801932844274088,0.0422856411395466,"Pentose phosphate"
"133",26,"1.1.1.363",NA,NA,NA,-0.801932844274088,0.0422856411395466,"Pentose phosphate"
"134",27,"1.1.1.44","PGD","ENSG00000142657","5226",-0.199243381026132,1,"Pentose phosphate"
"135",27,"1.1.1.351",NA,NA,NA,-0.199243381026132,1,"Pentose phosphate"
"136",27,"1.1.1.44","PGD","ENSG00000142657","5226",-0.199243381026132,1,"Pentose phosphate"
"137",27,"1.1.1.351",NA,NA,NA,-0.199243381026132,1,"Pentose phosphate"
"138",28,"1.1.1.44","PGD","ENSG00000142657","5226",-0.377962265339063,0.639612610791184,"Pentose phosphate"
"139",28,"1.1.1.351",NA,NA,NA,-0.377962265339063,0.639612610791184,"Pentose phosphate"
"140",28,"1.1.1.44","PGD","ENSG00000142657","5226",-0.377962265339063,0.639612610791184,"Pentose phosphate"
"141",28,"1.1.1.351",NA,NA,NA,-0.377962265339063,0.639612610791184,"Pentose phosphate"
"142",29,"3.1.1.31","H6PD","ENSG00000049239","9563",1.77635683940025e-15,1,"Pentose phosphate"
"143",29,"3.1.1.31","PGLS","ENSG00000130313","25796",1.77635683940025e-15,1,"Pentose phosphate"
"144",30,"5.4.2.2","PGM1","ENSG00000079739","5236",-8.88178419700125e-16,1,"Pentose phosphate"
"145",30,"5.4.2.2","PGM2","ENSG00000169299","55276",-8.88178419700125e-16,1,"Pentose phosphate"
"146",30,"5.4.2.2","PGM1","ENSG00000079739","5236",-8.88178419700125e-16,1,"Pentose phosphate"
"147",30,"5.4.2.2","PGM2","ENSG00000169299","55276",-8.88178419700125e-16,1,"Pentose phosphate"
"148",30,"5.4.2.2","PGM1","ENSG00000079739","5236",-8.88178419700125e-16,1,"Pentose phosphate"
"149",30,"5.4.2.2","PGM2","ENSG00000169299","55276",-8.88178419700125e-16,1,"Pentose phosphate"
"150",30,"5.4.2.7",NA,NA,NA,-8.88178419700125e-16,1,"Pentose phosphate"
"151",30,"5.4.2.2","PGM1","ENSG00000079739","5236",-8.88178419700125e-16,1,"Pentose phosphate"
"152",30,"5.4.2.2","PGM2","ENSG00000169299","55276",-8.88178419700125e-16,1,"Pentose phosphate"
"153",30,"5.4.2.7",NA,NA,NA,-8.88178419700125e-16,1,"Pentose phosphate"
"154",31,"5.4.2.2","PGM1","ENSG00000079739","5236",-0.837080290422848,0.190655152530484,"Pentose phosphate"
"155",31,"5.4.2.2","PGM2","ENSG00000169299","55276",-0.837080290422848,0.190655152530484,"Pentose phosphate"
"156",31,"5.4.2.2","PGM1","ENSG00000079739","5236",-0.837080290422848,0.190655152530484,"Pentose phosphate"
"157",31,"5.4.2.2","PGM2","ENSG00000169299","55276",-0.837080290422848,0.190655152530484,"Pentose phosphate"
"158",31,"5.4.2.2","PGM1","ENSG00000079739","5236",-0.837080290422848,0.190655152530484,"Pentose phosphate"
"159",31,"5.4.2.2","PGM2","ENSG00000169299","55276",-0.837080290422848,0.190655152530484,"Pentose phosphate"
"160",31,"5.4.2.7",NA,NA,NA,-0.837080290422848,0.190655152530484,"Pentose phosphate"
"161",31,"5.4.2.2","PGM1","ENSG00000079739","5236",-0.837080290422848,0.190655152530484,"Pentose phosphate"
"162",31,"5.4.2.2","PGM2","ENSG00000169299","55276",-0.837080290422848,0.190655152530484,"Pentose phosphate"
"163",31,"5.4.2.7",NA,NA,NA,-0.837080290422848,0.190655152530484,"Pentose phosphate"
"164",32,"2.7.6.1","PRPS1","ENSG00000147224","5631",0.477434442545041,0.458792156892285,"Pentose phosphate"
"165",32,"2.7.6.1","PRPS2","ENSG00000101911","5634",0.477434442545041,0.458792156892285,"Pentose phosphate"
"166",32,"2.7.6.1","PRPS1L1","ENSG00000229937","221823",0.477434442545041,0.458792156892285,"Pentose phosphate"
"167",32,"2.7.6.1","PRPS1","ENSG00000147224","5631",0.477434442545041,0.458792156892285,"Pentose phosphate"
"168",32,"2.7.6.1","PRPS2","ENSG00000101911","5634",0.477434442545041,0.458792156892285,"Pentose phosphate"
"169",32,"2.7.6.1","PRPS1L1","ENSG00000229937","221823",0.477434442545041,0.458792156892285,"Pentose phosphate"
"170",33,"2.7.6.1","PRPS1","ENSG00000147224","5631",-0.34159023342832,0.816552981603112,"Pentose phosphate"
"171",33,"2.7.6.1","PRPS2","ENSG00000101911","5634",-0.34159023342832,0.816552981603112,"Pentose phosphate"
"172",33,"2.7.6.1","PRPS1L1","ENSG00000229937","221823",-0.34159023342832,0.816552981603112,"Pentose phosphate"
"173",33,"2.7.6.1","PRPS1","ENSG00000147224","5631",-0.34159023342832,0.816552981603112,"Pentose phosphate"
"174",33,"2.7.6.1","PRPS2","ENSG00000101911","5634",-0.34159023342832,0.816552981603112,"Pentose phosphate"
"175",33,"2.7.6.1","PRPS1L1","ENSG00000229937","221823",-0.34159023342832,0.816552981603112,"Pentose phosphate"
"176",34,"5.1.3.1","RPE","ENSG00000197713","6120",-0.377962265339065,0.639612610791184,"Pentose phosphate"
"177",34,"5.1.3.1","RPEL1","ENSG00000235376","729020",-0.377962265339065,0.639612610791184,"Pentose phosphate"
"178",34,"5.1.3.1","RPE","ENSG00000197713","6120",-0.377962265339065,0.639612610791184,"Pentose phosphate"
"179",34,"5.1.3.1","RPEL1","ENSG00000235376","729020",-0.377962265339065,0.639612610791184,"Pentose phosphate"
"180",35,"5.1.3.1","RPE","ENSG00000197713","6120",2.22044604925031e-16,1,"Pentose phosphate"
"181",35,"5.1.3.1","RPEL1","ENSG00000235376","729020",2.22044604925031e-16,1,"Pentose phosphate"
"182",35,"5.1.3.1","RPE","ENSG00000197713","6120",2.22044604925031e-16,1,"Pentose phosphate"
"183",35,"5.1.3.1","RPEL1","ENSG00000235376","729020",2.22044604925031e-16,1,"Pentose phosphate"
"184",36,"5.3.1.6","RPIA","ENSG00000153574","22934",-0.837080290422848,0.190655152530484,"Pentose phosphate"
"185",36,"5.3.1.6","RPIA","ENSG00000153574","22934",-0.837080290422848,0.190655152530484,"Pentose phosphate"
"186",37,"5.3.1.6","RPIA","ENSG00000153574","22934",-0.377962265339065,0.639612610791184,"Pentose phosphate"
"187",37,"5.3.1.6","RPIA","ENSG00000153574","22934",-0.377962265339065,0.639612610791184,"Pentose phosphate"
"188",38,"2.2.1.2","TALDO1","ENSG00000177156","6888",0.0557460191555066,1,"Pentose phosphate"
"189",38,"2.2.1.2","TALDO1","ENSG00000177156","6888",0.0557460191555066,1,"Pentose phosphate"
"190",39,"2.2.1.2","TALDO1","ENSG00000177156","6888",1.69013023557999,0.0422856411395466,"Pentose phosphate"
"191",39,"2.2.1.2","TALDO1","ENSG00000177156","6888",1.69013023557999,0.0422856411395466,"Pentose phosphate"
"192",40,"2.2.1.1","TKT","ENSG00000163931","7086",-0.837080290422845,0.190655152530484,"Pentose phosphate"
"193",40,"2.2.1.1","TKTL1","ENSG00000007350","8277",-0.837080290422845,0.190655152530484,"Pentose phosphate"
"194",40,"2.2.1.1","TKTL2","ENSG00000151005","84076",-0.837080290422845,0.190655152530484,"Pentose phosphate"
"195",40,"2.2.1.1","TKT","ENSG00000163931","7086",-0.837080290422845,0.190655152530484,"Pentose phosphate"
"196",40,"2.2.1.1","TKTL1","ENSG00000007350","8277",-0.837080290422845,0.190655152530484,"Pentose phosphate"
"197",40,"2.2.1.1","TKTL2","ENSG00000151005","84076",-0.837080290422845,0.190655152530484,"Pentose phosphate"
"198",40,"2.2.1.1","TKT","ENSG00000163931","7086",-0.837080290422845,0.190655152530484,"Pentose phosphate"
"199",40,"2.2.1.1","TKTL1","ENSG00000007350","8277",-0.837080290422845,0.190655152530484,"Pentose phosphate"
"200",40,"2.2.1.1","TKTL2","ENSG00000151005","84076",-0.837080290422845,0.190655152530484,"Pentose phosphate"
"201",40,"2.2.1.1","TKT","ENSG00000163931","7086",-0.837080290422845,0.190655152530484,"Pentose phosphate"
"202",40,"2.2.1.1","TKTL1","ENSG00000007350","8277",-0.837080290422845,0.190655152530484,"Pentose phosphate"
"203",40,"2.2.1.1","TKTL2","ENSG00000151005","84076",-0.837080290422845,0.190655152530484,"Pentose phosphate"
"204",41,"2.2.1.1","TKT","ENSG00000163931","7086",0.0557460191555066,1,"Pentose phosphate"
"205",41,"2.2.1.1","TKTL1","ENSG00000007350","8277",0.0557460191555066,1,"Pentose phosphate"
"206",41,"2.2.1.1","TKTL2","ENSG00000151005","84076",0.0557460191555066,1,"Pentose phosphate"
"207",41,"2.2.1.1","TKT","ENSG00000163931","7086",0.0557460191555066,1,"Pentose phosphate"
"208",41,"2.2.1.1","TKTL1","ENSG00000007350","8277",0.0557460191555066,1,"Pentose phosphate"
"209",41,"2.2.1.1","TKTL2","ENSG00000151005","84076",0.0557460191555066,1,"Pentose phosphate"
"210",41,"2.2.1.1","TKT","ENSG00000163931","7086",0.0557460191555066,1,"Pentose phosphate"
"211",41,"2.2.1.1","TKTL1","ENSG00000007350","8277",0.0557460191555066,1,"Pentose phosphate"
"212",41,"2.2.1.1","TKTL2","ENSG00000151005","84076",0.0557460191555066,1,"Pentose phosphate"
"213",41,"2.2.1.1","TKT","ENSG00000163931","7086",0.0557460191555066,1,"Pentose phosphate"
"214",41,"2.2.1.1","TKTL1","ENSG00000007350","8277",0.0557460191555066,1,"Pentose phosphate"
"215",41,"2.2.1.1","TKTL2","ENSG00000151005","84076",0.0557460191555066,1,"Pentose phosphate"
"216",42,"2.2.1.1","TKT","ENSG00000163931","7086",0,1,"Pentose phosphate"
"217",42,"2.2.1.1","TKTL1","ENSG00000007350","8277",0,1,"Pentose phosphate"
"218",42,"2.2.1.1","TKTL2","ENSG00000151005","84076",0,1,"Pentose phosphate"
"219",42,"2.2.1.1","TKT","ENSG00000163931","7086",0,1,"Pentose phosphate"
"220",42,"2.2.1.1","TKTL1","ENSG00000007350","8277",0,1,"Pentose phosphate"
"221",42,"2.2.1.1","TKTL2","ENSG00000151005","84076",0,1,"Pentose phosphate"
"222",42,"2.2.1.1","TKT","ENSG00000163931","7086",0,1,"Pentose phosphate"
"223",42,"2.2.1.1","TKTL1","ENSG00000007350","8277",0,1,"Pentose phosphate"
"224",42,"2.2.1.1","TKTL2","ENSG00000151005","84076",0,1,"Pentose phosphate"
"225",42,"2.2.1.1","TKT","ENSG00000163931","7086",0,1,"Pentose phosphate"
"226",42,"2.2.1.1","TKTL1","ENSG00000007350","8277",0,1,"Pentose phosphate"
"227",42,"2.2.1.1","TKTL2","ENSG00000151005","84076",0,1,"Pentose phosphate"
"228",43,"2.2.1.1","TKT","ENSG00000163931","7086",1.69013023557999,0.0422856411395466,"Pentose phosphate"
"229",43,"2.2.1.1","TKTL1","ENSG00000007350","8277",1.69013023557999,0.0422856411395466,"Pentose phosphate"
"230",43,"2.2.1.1","TKTL2","ENSG00000151005","84076",1.69013023557999,0.0422856411395466,"Pentose phosphate"
"231",43,"2.2.1.1","TKT","ENSG00000163931","7086",1.69013023557999,0.0422856411395466,"Pentose phosphate"
"232",43,"2.2.1.1","TKTL1","ENSG00000007350","8277",1.69013023557999,0.0422856411395466,"Pentose phosphate"
"233",43,"2.2.1.1","TKTL2","ENSG00000151005","84076",1.69013023557999,0.0422856411395466,"Pentose phosphate"
"234",43,"2.2.1.1","TKT","ENSG00000163931","7086",1.69013023557999,0.0422856411395466,"Pentose phosphate"
"235",43,"2.2.1.1","TKTL1","ENSG00000007350","8277",1.69013023557999,0.0422856411395466,"Pentose phosphate"
"236",43,"2.2.1.1","TKTL2","ENSG00000151005","84076",1.69013023557999,0.0422856411395466,"Pentose phosphate"
"237",43,"2.2.1.1","TKT","ENSG00000163931","7086",1.69013023557999,0.0422856411395466,"Pentose phosphate"
"238",43,"2.2.1.1","TKTL1","ENSG00000007350","8277",1.69013023557999,0.0422856411395466,"Pentose phosphate"
"239",43,"2.2.1.1","TKTL2","ENSG00000151005","84076",1.69013023557999,0.0422856411395466,"Pentose phosphate"
"240",44,"4.2.1.3","ACO1","ENSG00000122729","48",-0.642059400701687,0.128997734098003,"TCA cycle"
"241",44,"4.2.1.3","ACO2","ENSG00000100412","50",-0.642059400701687,0.128997734098003,"TCA cycle"
"242",44,"4.2.1.3","ACO1","ENSG00000122729","48",-0.642059400701687,0.128997734098003,"TCA cycle"
"243",44,"4.2.1.3","ACO2","ENSG00000100412","50",-0.642059400701687,0.128997734098003,"TCA cycle"
"244",45,"4.2.1.3","ACO1","ENSG00000122729","48",-1.09154172377921,0.0422856411395466,"TCA cycle"
"245",45,"4.2.1.3","ACO2","ENSG00000100412","50",-1.09154172377921,0.0422856411395466,"TCA cycle"
"246",45,"4.2.1.3","ACO1","ENSG00000122729","48",-1.09154172377921,0.0422856411395466,"TCA cycle"
"247",45,"4.2.1.3","ACO2","ENSG00000100412","50",-1.09154172377921,0.0422856411395466,"TCA cycle"
"248",46,"2.3.3.1","CS","ENSG00000062485","1431",0.12827202080021,0.918260126933063,"TCA cycle"
"249",46,"2.3.3.3",NA,NA,NA,0.12827202080021,0.918260126933063,"TCA cycle"
"250",46,"2.3.3.16",NA,NA,NA,0.12827202080021,0.918260126933063,"TCA cycle"
"251",46,"1.2.4.1","PDHA1","ENSG00000131828","5160",0.12827202080021,0.918260126933063,"TCA cycle"
"252",46,"1.2.4.1","PDHA2","ENSG00000163114","5161",0.12827202080021,0.918260126933063,"TCA cycle"
"253",46,"1.2.4.1","PDHB","ENSG00000168291","5162",0.12827202080021,0.918260126933063,"TCA cycle"
"254",46,"1.8.1.4","DLD","ENSG00000091140","1738",0.12827202080021,0.918260126933063,"TCA cycle"
"255",46,"2.3.1.12","DLAT","ENSG00000150768","1737",0.12827202080021,0.918260126933063,"TCA cycle"
"256",46,"1.8.1.4","DLD","ENSG00000091140","1738",0.12827202080021,0.918260126933063,"TCA cycle"
"257",46,"1.8.1.4","DLD","ENSG00000091140","1738",0.12827202080021,0.918260126933063,"TCA cycle"
"258",46,"1.8.1.4","DLD","ENSG00000091140","1738",0.12827202080021,0.918260126933063,"TCA cycle"
"259",46,"1.8.1.4","DLD","ENSG00000091140","1738",0.12827202080021,0.918260126933063,"TCA cycle"
"260",47,"4.2.1.2","FH","ENSG00000091483","2271",0.312662353055732,0.874031893231443,"TCA cycle"
"261",47,"4.2.1.2","FH","ENSG00000091483","2271",0.312662353055732,0.874031893231443,"TCA cycle"
"262",48,"4.2.1.2","FH","ENSG00000091483","2271",0.340423142386603,0.808488983607632,"TCA cycle"
"263",48,"4.2.1.2","FH","ENSG00000091483","2271",0.340423142386603,0.808488983607632,"TCA cycle"
"264",49,"1.1.1.41","IDH3A","ENSG00000166411","3419",-0.963269702979005,0.164760556167869,"TCA cycle"
"265",49,"1.1.1.41","IDH3B","ENSG00000101365","3420",-0.963269702979005,0.164760556167869,"TCA cycle"
"266",49,"1.1.1.41","IDH3G","ENSG00000067829","3421",-0.963269702979005,0.164760556167869,"TCA cycle"
"267",49,"1.1.1.286",NA,NA,NA,-0.963269702979005,0.164760556167869,"TCA cycle"
"268",49,"1.1.1.41","IDH3A","ENSG00000166411","3419",-0.963269702979005,0.164760556167869,"TCA cycle"
"269",49,"1.1.1.41","IDH3B","ENSG00000101365","3420",-0.963269702979005,0.164760556167869,"TCA cycle"
"270",49,"1.1.1.41","IDH3G","ENSG00000067829","3421",-0.963269702979005,0.164760556167869,"TCA cycle"
"271",49,"1.1.1.286",NA,NA,NA,-0.963269702979005,0.164760556167869,"TCA cycle"
"272",50,"1.1.1.41","IDH3A","ENSG00000166411","3419",-0.875855952619146,0.458564427230063,"TCA cycle"
"273",50,"1.1.1.41","IDH3B","ENSG00000101365","3420",-0.875855952619146,0.458564427230063,"TCA cycle"
"274",50,"1.1.1.41","IDH3G","ENSG00000067829","3421",-0.875855952619146,0.458564427230063,"TCA cycle"
"275",50,"1.1.1.286",NA,NA,NA,-0.875855952619146,0.458564427230063,"TCA cycle"
"276",50,"1.1.1.41","IDH3A","ENSG00000166411","3419",-0.875855952619146,0.458564427230063,"TCA cycle"
"277",50,"1.1.1.41","IDH3B","ENSG00000101365","3420",-0.875855952619146,0.458564427230063,"TCA cycle"
"278",50,"1.1.1.41","IDH3G","ENSG00000067829","3421",-0.875855952619146,0.458564427230063,"TCA cycle"
"279",50,"1.1.1.286",NA,NA,NA,-0.875855952619146,0.458564427230063,"TCA cycle"
"280",51,"1.1.1.42","IDH1","ENSG00000138413","3417",-1.40838358325048,0.0422856411395466,"TCA cycle"
"281",51,"1.1.1.42","IDH2","ENSG00000182054","3418",-1.40838358325048,0.0422856411395466,"TCA cycle"
"282",51,"1.1.1.42","IDH1","ENSG00000138413","3417",-1.40838358325048,0.0422856411395466,"TCA cycle"
"283",51,"1.1.1.42","IDH2","ENSG00000182054","3418",-1.40838358325048,0.0422856411395466,"TCA cycle"
"284",52,"1.1.1.42","IDH1","ENSG00000138413","3417",-0.875855952619149,0.458564427230063,"TCA cycle"
"285",52,"1.1.1.42","IDH2","ENSG00000182054","3418",-0.875855952619149,0.458564427230063,"TCA cycle"
"286",52,"1.1.1.42","IDH1","ENSG00000138413","3417",-0.875855952619149,0.458564427230063,"TCA cycle"
"287",52,"1.1.1.42","IDH2","ENSG00000182054","3418",-0.875855952619149,0.458564427230063,"TCA cycle"
"288",53,"1.1.1.37","MDH1","ENSG00000014641","4190",0.468695163186812,0.764121877849261,"TCA cycle"
"289",53,"1.1.1.37","MDH2","ENSG00000146701","4191",0.468695163186812,0.764121877849261,"TCA cycle"
"290",53,"1.1.1.299",NA,NA,NA,0.468695163186812,0.764121877849261,"TCA cycle"
"291",53,"1.1.1.37","MDH1","ENSG00000014641","4190",0.468695163186812,0.764121877849261,"TCA cycle"
"292",53,"1.1.1.37","MDH2","ENSG00000146701","4191",0.468695163186812,0.764121877849261,"TCA cycle"
"293",53,"1.1.1.299",NA,NA,NA,0.468695163186812,0.764121877849261,"TCA cycle"
"294",54,"1.1.1.37","MDH1","ENSG00000014641","4190",-3.5527136788005e-15,1,"TCA cycle"
"295",54,"1.1.1.37","MDH2","ENSG00000146701","4191",-3.5527136788005e-15,1,"TCA cycle"
"296",54,"1.1.1.299",NA,NA,NA,-3.5527136788005e-15,1,"TCA cycle"
"297",54,"1.1.1.37","MDH1","ENSG00000014641","4190",-3.5527136788005e-15,1,"TCA cycle"
"298",54,"1.1.1.37","MDH2","ENSG00000146701","4191",-3.5527136788005e-15,1,"TCA cycle"
"299",54,"1.1.1.299",NA,NA,NA,-3.5527136788005e-15,1,"TCA cycle"
"300",55,"1.3.5.1","SDHA","ENSG00000073578","6389",-0.241345687951904,0.507170224591906,"TCA cycle"
"301",55,"1.3.5.1","SDHB","ENSG00000117118","6390",-0.241345687951904,0.507170224591906,"TCA cycle"
"302",55,"1.3.5.1","SDHC","ENSG00000143252","6391",-0.241345687951904,0.507170224591906,"TCA cycle"
"303",55,"1.3.5.1","SDHD","ENSG00000204370","6392",-0.241345687951904,0.507170224591906,"TCA cycle"
"304",55,"1.3.5.4",NA,NA,NA,-0.241345687951904,0.507170224591906,"TCA cycle"
"305",55,"1.3.5.1","SDHA","ENSG00000073578","6389",-0.241345687951904,0.507170224591906,"TCA cycle"
"306",55,"1.3.5.1","SDHB","ENSG00000117118","6390",-0.241345687951904,0.507170224591906,"TCA cycle"
"307",55,"1.3.5.1","SDHC","ENSG00000143252","6391",-0.241345687951904,0.507170224591906,"TCA cycle"
"308",55,"1.3.5.1","SDHD","ENSG00000204370","6392",-0.241345687951904,0.507170224591906,"TCA cycle"
"309",55,"1.3.5.4",NA,NA,NA,-0.241345687951904,0.507170224591906,"TCA cycle"
"310",56,"1.3.5.1","SDHA","ENSG00000073578","6389",0.312662353055732,0.874031893231443,"TCA cycle"
"311",56,"1.3.5.1","SDHB","ENSG00000117118","6390",0.312662353055732,0.874031893231443,"TCA cycle"
"312",56,"1.3.5.1","SDHC","ENSG00000143252","6391",0.312662353055732,0.874031893231443,"TCA cycle"
"313",56,"1.3.5.1","SDHD","ENSG00000204370","6392",0.312662353055732,0.874031893231443,"TCA cycle"
"314",56,"1.3.5.4",NA,NA,NA,0.312662353055732,0.874031893231443,"TCA cycle"
"315",56,"1.3.5.1","SDHA","ENSG00000073578","6389",0.312662353055732,0.874031893231443,"TCA cycle"
"316",56,"1.3.5.1","SDHB","ENSG00000117118","6390",0.312662353055732,0.874031893231443,"TCA cycle"
"317",56,"1.3.5.1","SDHC","ENSG00000143252","6391",0.312662353055732,0.874031893231443,"TCA cycle"
"318",56,"1.3.5.1","SDHD","ENSG00000204370","6392",0.312662353055732,0.874031893231443,"TCA cycle"
"319",56,"1.3.5.4",NA,NA,NA,0.312662353055732,0.874031893231443,"TCA cycle"
"320",57,"1.8.1.4","DLD","ENSG00000091140","1738",1.07316904501599,0.0422856411395466,"TCA cycle"
"321",57,"6.2.1.4","SUCLG2","ENSG00000172340","8801",1.07316904501599,0.0422856411395466,"TCA cycle"
"322",57,"6.2.1.4","SUCLG1","ENSG00000163541","8802",1.07316904501599,0.0422856411395466,"TCA cycle"
"323",57,"6.2.1.4","SUCLA2","ENSG00000136143","8803",1.07316904501599,0.0422856411395466,"TCA cycle"
"324",57,"1.2.4.2","OGDH","ENSG00000105953","4967",1.07316904501599,0.0422856411395466,"TCA cycle"
"325",57,"1.2.4.2","OGDHL","ENSG00000197444","55753",1.07316904501599,0.0422856411395466,"TCA cycle"
"326",57,"1.8.1.4","DLD","ENSG00000091140","1738",1.07316904501599,0.0422856411395466,"TCA cycle"
"327",57,"2.3.1.61","DLST","ENSG00000119689","1743",1.07316904501599,0.0422856411395466,"TCA cycle"
"328",57,"6.2.1.4","SUCLG2","ENSG00000172340","8801",1.07316904501599,0.0422856411395466,"TCA cycle"
"329",57,"6.2.1.4","SUCLG1","ENSG00000163541","8802",1.07316904501599,0.0422856411395466,"TCA cycle"
"330",57,"6.2.1.4","SUCLA2","ENSG00000136143","8803",1.07316904501599,0.0422856411395466,"TCA cycle"
"331",57,"1.2.4.2","OGDH","ENSG00000105953","4967",1.07316904501599,0.0422856411395466,"TCA cycle"
"332",57,"1.2.4.2","OGDHL","ENSG00000197444","55753",1.07316904501599,0.0422856411395466,"TCA cycle"
"333",57,"1.8.1.4","DLD","ENSG00000091140","1738",1.07316904501599,0.0422856411395466,"TCA cycle"
"334",57,"2.3.1.61","DLST","ENSG00000119689","1743",1.07316904501599,0.0422856411395466,"TCA cycle"
"335",57,"1.2.4.2","OGDH","ENSG00000105953","4967",1.07316904501599,0.0422856411395466,"TCA cycle"
"336",57,"1.2.4.2","OGDHL","ENSG00000197444","55753",1.07316904501599,0.0422856411395466,"TCA cycle"
"337",57,"1.8.1.4","DLD","ENSG00000091140","1738",1.07316904501599,0.0422856411395466,"TCA cycle"
"338",57,"2.3.1.61","DLST","ENSG00000119689","1743",1.07316904501599,0.0422856411395466,"TCA cycle"
"339",57,"1.2.4.2","OGDH","ENSG00000105953","4967",1.07316904501599,0.0422856411395466,"TCA cycle"
"340",57,"1.2.4.2","OGDHL","ENSG00000197444","55753",1.07316904501599,0.0422856411395466,"TCA cycle"
"341",57,"1.8.1.4","DLD","ENSG00000091140","1738",1.07316904501599,0.0422856411395466,"TCA cycle"
"342",57,"2.3.1.61","DLST","ENSG00000119689","1743",1.07316904501599,0.0422856411395466,"TCA cycle"
"343",58,"1.8.1.4","DLD","ENSG00000091140","1738",-0.188680110208352,1,"TCA cycle"
"344",58,"6.2.1.4","SUCLG2","ENSG00000172340","8801",-0.188680110208352,1,"TCA cycle"
"345",58,"6.2.1.4","SUCLG1","ENSG00000163541","8802",-0.188680110208352,1,"TCA cycle"
"346",58,"6.2.1.4","SUCLA2","ENSG00000136143","8803",-0.188680110208352,1,"TCA cycle"
"347",58,"1.2.4.2","OGDH","ENSG00000105953","4967",-0.188680110208352,1,"TCA cycle"
"348",58,"1.2.4.2","OGDHL","ENSG00000197444","55753",-0.188680110208352,1,"TCA cycle"
"349",58,"1.8.1.4","DLD","ENSG00000091140","1738",-0.188680110208352,1,"TCA cycle"
"350",58,"2.3.1.61","DLST","ENSG00000119689","1743",-0.188680110208352,1,"TCA cycle"
"351",58,"6.2.1.4","SUCLG2","ENSG00000172340","8801",-0.188680110208352,1,"TCA cycle"
"352",58,"6.2.1.4","SUCLG1","ENSG00000163541","8802",-0.188680110208352,1,"TCA cycle"
"353",58,"6.2.1.4","SUCLA2","ENSG00000136143","8803",-0.188680110208352,1,"TCA cycle"
"354",58,"1.2.4.2","OGDH","ENSG00000105953","4967",-0.188680110208352,1,"TCA cycle"
"355",58,"1.2.4.2","OGDHL","ENSG00000197444","55753",-0.188680110208352,1,"TCA cycle"
"356",58,"1.8.1.4","DLD","ENSG00000091140","1738",-0.188680110208352,1,"TCA cycle"
"357",58,"2.3.1.61","DLST","ENSG00000119689","1743",-0.188680110208352,1,"TCA cycle"
"358",58,"1.2.4.2","OGDH","ENSG00000105953","4967",-0.188680110208352,1,"TCA cycle"
"359",58,"1.2.4.2","OGDHL","ENSG00000197444","55753",-0.188680110208352,1,"TCA cycle"
"360",58,"1.8.1.4","DLD","ENSG00000091140","1738",-0.188680110208352,1,"TCA cycle"
"361",58,"2.3.1.61","DLST","ENSG00000119689","1743",-0.188680110208352,1,"TCA cycle"
"362",58,"1.2.4.2","OGDH","ENSG00000105953","4967",-0.188680110208352,1,"TCA cycle"
"363",58,"1.2.4.2","OGDHL","ENSG00000197444","55753",-0.188680110208352,1,"TCA cycle"
"364",58,"1.8.1.4","DLD","ENSG00000091140","1738",-0.188680110208352,1,"TCA cycle"
"365",58,"2.3.1.61","DLST","ENSG00000119689","1743",-0.188680110208352,1,"TCA cycle"
"366",59,"1.8.1.4","DLD","ENSG00000091140","1738",-0.241345687951906,0.507170224591906,"TCA cycle"
"367",59,"1.2.4.2","OGDH","ENSG00000105953","4967",-0.241345687951906,0.507170224591906,"TCA cycle"
"368",59,"1.2.4.2","OGDHL","ENSG00000197444","55753",-0.241345687951906,0.507170224591906,"TCA cycle"
"369",59,"1.8.1.4","DLD","ENSG00000091140","1738",-0.241345687951906,0.507170224591906,"TCA cycle"
"370",59,"2.3.1.61","DLST","ENSG00000119689","1743",-0.241345687951906,0.507170224591906,"TCA cycle"
"371",59,"1.2.4.2","OGDH","ENSG00000105953","4967",-0.241345687951906,0.507170224591906,"TCA cycle"
"372",59,"1.2.4.2","OGDHL","ENSG00000197444","55753",-0.241345687951906,0.507170224591906,"TCA cycle"
"373",59,"1.8.1.4","DLD","ENSG00000091140","1738",-0.241345687951906,0.507170224591906,"TCA cycle"
"374",59,"2.3.1.61","DLST","ENSG00000119689","1743",-0.241345687951906,0.507170224591906,"TCA cycle"
"375",59,"6.2.1.5","SUCLG2","ENSG00000172340","8801",-0.241345687951906,0.507170224591906,"TCA cycle"
"376",59,"6.2.1.5","SUCLG1","ENSG00000163541","8802",-0.241345687951906,0.507170224591906,"TCA cycle"
"377",59,"6.2.1.5","SUCLA2","ENSG00000136143","8803",-0.241345687951906,0.507170224591906,"TCA cycle"
"378",59,"1.2.4.2","OGDH","ENSG00000105953","4967",-0.241345687951906,0.507170224591906,"TCA cycle"
"379",59,"1.2.4.2","OGDHL","ENSG00000197444","55753",-0.241345687951906,0.507170224591906,"TCA cycle"
"380",59,"1.8.1.4","DLD","ENSG00000091140","1738",-0.241345687951906,0.507170224591906,"TCA cycle"
"381",59,"2.3.1.61","DLST","ENSG00000119689","1743",-0.241345687951906,0.507170224591906,"TCA cycle"
"382",59,"6.2.1.5","SUCLG2","ENSG00000172340","8801",-0.241345687951906,0.507170224591906,"TCA cycle"
"383",59,"6.2.1.5","SUCLG1","ENSG00000163541","8802",-0.241345687951906,0.507170224591906,"TCA cycle"
"384",59,"6.2.1.5","SUCLA2","ENSG00000136143","8803",-0.241345687951906,0.507170224591906,"TCA cycle"
"385",59,"1.2.4.2","OGDH","ENSG00000105953","4967",-0.241345687951906,0.507170224591906,"TCA cycle"
"386",59,"1.2.4.2","OGDHL","ENSG00000197444","55753",-0.241345687951906,0.507170224591906,"TCA cycle"
"387",59,"1.8.1.4","DLD","ENSG00000091140","1738",-0.241345687951906,0.507170224591906,"TCA cycle"
"388",59,"2.3.1.61","DLST","ENSG00000119689","1743",-0.241345687951906,0.507170224591906,"TCA cycle"
"389",60,"1.8.1.4","DLD","ENSG00000091140","1738",-0.0932171239082962,1,"TCA cycle"
"390",60,"1.2.4.2","OGDH","ENSG00000105953","4967",-0.0932171239082962,1,"TCA cycle"
"391",60,"1.2.4.2","OGDHL","ENSG00000197444","55753",-0.0932171239082962,1,"TCA cycle"
"392",60,"1.8.1.4","DLD","ENSG00000091140","1738",-0.0932171239082962,1,"TCA cycle"
"393",60,"2.3.1.61","DLST","ENSG00000119689","1743",-0.0932171239082962,1,"TCA cycle"
"394",60,"1.2.4.2","OGDH","ENSG00000105953","4967",-0.0932171239082962,1,"TCA cycle"
"395",60,"1.2.4.2","OGDHL","ENSG00000197444","55753",-0.0932171239082962,1,"TCA cycle"
"396",60,"1.8.1.4","DLD","ENSG00000091140","1738",-0.0932171239082962,1,"TCA cycle"
"397",60,"2.3.1.61","DLST","ENSG00000119689","1743",-0.0932171239082962,1,"TCA cycle"
"398",60,"6.2.1.5","SUCLG2","ENSG00000172340","8801",-0.0932171239082962,1,"TCA cycle"
"399",60,"6.2.1.5","SUCLG1","ENSG00000163541","8802",-0.0932171239082962,1,"TCA cycle"
"400",60,"6.2.1.5","SUCLA2","ENSG00000136143","8803",-0.0932171239082962,1,"TCA cycle"
"401",60,"1.2.4.2","OGDH","ENSG00000105953","4967",-0.0932171239082962,1,"TCA cycle"
"402",60,"1.2.4.2","OGDHL","ENSG00000197444","55753",-0.0932171239082962,1,"TCA cycle"
"403",60,"1.8.1.4","DLD","ENSG00000091140","1738",-0.0932171239082962,1,"TCA cycle"
"404",60,"2.3.1.61","DLST","ENSG00000119689","1743",-0.0932171239082962,1,"TCA cycle"
"405",60,"6.2.1.5","SUCLG2","ENSG00000172340","8801",-0.0932171239082962,1,"TCA cycle"
"406",60,"6.2.1.5","SUCLG1","ENSG00000163541","8802",-0.0932171239082962,1,"TCA cycle"
"407",60,"6.2.1.5","SUCLA2","ENSG00000136143","8803",-0.0932171239082962,1,"TCA cycle"
"408",60,"1.2.4.2","OGDH","ENSG00000105953","4967",-0.0932171239082962,1,"TCA cycle"
"409",60,"1.2.4.2","OGDHL","ENSG00000197444","55753",-0.0932171239082962,1,"TCA cycle"
"410",60,"1.8.1.4","DLD","ENSG00000091140","1738",-0.0932171239082962,1,"TCA cycle"
"411",60,"2.3.1.61","DLST","ENSG00000119689","1743",-0.0932171239082962,1,"TCA cycle"
"412",61,"1.1.1.38","ME2","ENSG00000082212","4200",0.468695163186812,0.764121877849261,"TCA cycle"
"413",61,"1.1.1.38","ME2","ENSG00000082212","4200",0.468695163186812,0.764121877849261,"TCA cycle"
"414",62,"1.1.1.38","ME2","ENSG00000082212","4200",0,1,"TCA cycle"
"415",62,"1.1.1.38","ME2","ENSG00000082212","4200",0,1,"TCA cycle"
"416",63,"1.1.1.40","ME1","ENSG00000065833","4199",0.0235812829153339,1,"TCA cycle"
"417",63,"1.1.1.40","ME3","ENSG00000151376","10873",0.0235812829153339,1,"TCA cycle"
"418",63,"1.1.1.40","ME1","ENSG00000065833","4199",0.0235812829153339,1,"TCA cycle"
"419",63,"1.1.1.40","ME3","ENSG00000151376","10873",0.0235812829153339,1,"TCA cycle"
"420",64,"1.1.1.40","ME1","ENSG00000065833","4199",1.77635683940025e-15,1,"TCA cycle"
"421",64,"1.1.1.40","ME3","ENSG00000151376","10873",1.77635683940025e-15,1,"TCA cycle"
"422",64,"1.1.1.40","ME1","ENSG00000065833","4199",1.77635683940025e-15,1,"TCA cycle"
"423",64,"1.1.1.40","ME3","ENSG00000151376","10873",1.77635683940025e-15,1,"TCA cycle"
"424",65,"4.1.1.32","PCK1","ENSG00000124253","5105",0,1,"TCA cycle"
"425",65,"4.1.1.32","PCK2","ENSG00000100889","5106",0,1,"TCA cycle"
"426",65,"4.1.1.32","PCK1","ENSG00000124253","5105",0,1,"TCA cycle"
"427",65,"4.1.1.32","PCK2","ENSG00000100889","5106",0,1,"TCA cycle"
"428",66,"4.1.1.32","PCK1","ENSG00000124253","5105",0.654366807910655,0.182671355604584,"TCA cycle"
"429",66,"4.1.1.32","PCK2","ENSG00000100889","5106",0.654366807910655,0.182671355604584,"TCA cycle"
"430",66,"4.1.1.32","PCK1","ENSG00000124253","5105",0.654366807910655,0.182671355604584,"TCA cycle"
"431",66,"4.1.1.32","PCK2","ENSG00000100889","5106",0.654366807910655,0.182671355604584,"TCA cycle"
"432",67,"6.4.1.1","PC","ENSG00000173599","5091",1.31451473296789,0.0422856411395466,"TCA cycle"
"433",68,"3.5.1.2","GLS","ENSG00000115419","2744",0.30922571783535,0.306819628294274,"TCA cycle"
"434",68,"3.5.1.2","GLS2","ENSG00000135423","27165",0.30922571783535,0.306819628294274,"TCA cycle"
"435",68,"3.5.1.2","GLS","ENSG00000115419","2744",0.30922571783535,0.306819628294274,"TCA cycle"
"436",68,"3.5.1.2","GLS2","ENSG00000135423","27165",0.30922571783535,0.306819628294274,"TCA cycle"
"437",69,"3.5.1.2","GLS","ENSG00000115419","2744",0.246473957425479,0.639612610791184,"TCA cycle"
"438",69,"3.5.1.2","GLS2","ENSG00000135423","27165",0.246473957425479,0.639612610791184,"TCA cycle"
"439",69,"3.5.1.2","GLS","ENSG00000115419","2744",0.246473957425479,0.639612610791184,"TCA cycle"
"440",69,"3.5.1.2","GLS2","ENSG00000135423","27165",0.246473957425479,0.639612610791184,"TCA cycle"
"441",70,"1.4.1.3","GLUD1","ENSG00000148672","2746",0.374745978225683,0.65503876469712,"TCA cycle"
"442",70,"1.4.1.3","GLUD2","ENSG00000182890","2747",0.374745978225683,0.65503876469712,"TCA cycle"
"443",70,"1.4.1.3","GLUD1","ENSG00000148672","2746",0.374745978225683,0.65503876469712,"TCA cycle"
"444",70,"1.4.1.3","GLUD2","ENSG00000182890","2747",0.374745978225683,0.65503876469712,"TCA cycle"
"445",70,"1.4.1.3","GLUD1","ENSG00000148672","2746",0.374745978225683,0.65503876469712,"TCA cycle"
"446",70,"1.4.1.3","GLUD2","ENSG00000182890","2747",0.374745978225683,0.65503876469712,"TCA cycle"
"447",70,"1.4.1.3","GLUD1","ENSG00000148672","2746",0.374745978225683,0.65503876469712,"TCA cycle"
"448",70,"1.4.1.3","GLUD2","ENSG00000182890","2747",0.374745978225683,0.65503876469712,"TCA cycle"
"449",71,"1.4.1.3","GLUD1","ENSG00000148672","2746",-0.875855952619146,0.458564427230063,"TCA cycle"
"450",71,"1.4.1.3","GLUD2","ENSG00000182890","2747",-0.875855952619146,0.458564427230063,"TCA cycle"
"451",71,"1.4.1.3","GLUD1","ENSG00000148672","2746",-0.875855952619146,0.458564427230063,"TCA cycle"
"452",71,"1.4.1.3","GLUD2","ENSG00000182890","2747",-0.875855952619146,0.458564427230063,"TCA cycle"
"453",71,"1.4.1.3","GLUD1","ENSG00000148672","2746",-0.875855952619146,0.458564427230063,"TCA cycle"
"454",71,"1.4.1.3","GLUD2","ENSG00000182890","2747",-0.875855952619146,0.458564427230063,"TCA cycle"
"455",71,"1.4.1.3","GLUD1","ENSG00000148672","2746",-0.875855952619146,0.458564427230063,"TCA cycle"
"456",71,"1.4.1.3","GLUD2","ENSG00000182890","2747",-0.875855952619146,0.458564427230063,"TCA cycle"
"457",72,"1.4.1.3","GLUD1","ENSG00000148672","2746",-0.0703679020458061,1,"TCA cycle"
"458",72,"1.4.1.3","GLUD2","ENSG00000182890","2747",-0.0703679020458061,1,"TCA cycle"
"459",72,"1.4.1.3","GLUD1","ENSG00000148672","2746",-0.0703679020458061,1,"TCA cycle"
"460",72,"1.4.1.3","GLUD2","ENSG00000182890","2747",-0.0703679020458061,1,"TCA cycle"
"461",72,"1.4.1.3","GLUD1","ENSG00000148672","2746",-0.0703679020458061,1,"TCA cycle"
"462",72,"1.4.1.3","GLUD2","ENSG00000182890","2747",-0.0703679020458061,1,"TCA cycle"
"463",72,"1.4.1.3","GLUD1","ENSG00000148672","2746",-0.0703679020458061,1,"TCA cycle"
"464",72,"1.4.1.3","GLUD2","ENSG00000182890","2747",-0.0703679020458061,1,"TCA cycle"
"465",73,"1.4.1.3","GLUD1","ENSG00000148672","2746",-0.875855952619149,0.458564427230063,"TCA cycle"
"466",73,"1.4.1.3","GLUD2","ENSG00000182890","2747",-0.875855952619149,0.458564427230063,"TCA cycle"
"467",73,"1.4.1.3","GLUD1","ENSG00000148672","2746",-0.875855952619149,0.458564427230063,"TCA cycle"
"468",73,"1.4.1.3","GLUD2","ENSG00000182890","2747",-0.875855952619149,0.458564427230063,"TCA cycle"
"469",73,"1.4.1.3","GLUD1","ENSG00000148672","2746",-0.875855952619149,0.458564427230063,"TCA cycle"
"470",73,"1.4.1.3","GLUD2","ENSG00000182890","2747",-0.875855952619149,0.458564427230063,"TCA cycle"
"471",73,"1.4.1.3","GLUD1","ENSG00000148672","2746",-0.875855952619149,0.458564427230063,"TCA cycle"
"472",73,"1.4.1.3","GLUD2","ENSG00000182890","2747",-0.875855952619149,0.458564427230063,"TCA cycle"
"473",74,"3.6.3.14","ATP5A1","ENSG00000152234","498",0.558903821610592,0.0422856411395466,"Oxidative Phosphorylation"
"474",74,"3.6.3.14","ATP5B","ENSG00000110955","506",0.558903821610592,0.0422856411395466,"Oxidative Phosphorylation"
"475",74,"3.6.3.14","ATP5C1","ENSG00000165629","509",0.558903821610592,0.0422856411395466,"Oxidative Phosphorylation"
"476",74,"3.6.3.14","ATP5D","ENSG00000099624","513",0.558903821610592,0.0422856411395466,"Oxidative Phosphorylation"
"477",74,"3.6.3.14","ATP5E","ENSG00000124172","514",0.558903821610592,0.0422856411395466,"Oxidative Phosphorylation"
"478",74,"3.6.3.14","ATP5F1","ENSG00000116459","515",0.558903821610592,0.0422856411395466,"Oxidative Phosphorylation"
"479",74,"3.6.3.14","ATP5G1","ENSG00000159199","516",0.558903821610592,0.0422856411395466,"Oxidative Phosphorylation"
"480",74,"3.6.3.14","ATP5G2","ENSG00000135390","517",0.558903821610592,0.0422856411395466,"Oxidative Phosphorylation"
"481",74,"3.6.3.14","ATP5G3","ENSG00000154518","518",0.558903821610592,0.0422856411395466,"Oxidative Phosphorylation"
"482",74,"3.6.3.14","ATP5I","ENSG00000169020","521",0.558903821610592,0.0422856411395466,"Oxidative Phosphorylation"
"483",74,"3.6.3.14","ATP5J","ENSG00000154723","522",0.558903821610592,0.0422856411395466,"Oxidative Phosphorylation"
"484",74,"3.6.3.14","ATP6V1A","ENSG00000114573","523",0.558903821610592,0.0422856411395466,"Oxidative Phosphorylation"
"485",74,"3.6.3.14","ATP6V1B1","ENSG00000116039","525",0.558903821610592,0.0422856411395466,"Oxidative Phosphorylation"
"486",74,"3.6.3.14","ATP6V1B2","ENSG00000147416","526",0.558903821610592,0.0422856411395466,"Oxidative Phosphorylation"
"487",74,"3.6.3.14","ATP6V0C","ENSG00000185883","527",0.558903821610592,0.0422856411395466,"Oxidative Phosphorylation"
"488",74,"3.6.3.14","ATP6V1C1","ENSG00000155097","528",0.558903821610592,0.0422856411395466,"Oxidative Phosphorylation"
"489",74,"3.6.3.14","ATP6V1E1","ENSG00000131100","529",0.558903821610592,0.0422856411395466,"Oxidative Phosphorylation"
"490",74,"3.6.3.14","ATP6V0B","ENSG00000117410","533",0.558903821610592,0.0422856411395466,"Oxidative Phosphorylation"
"491",74,"3.6.3.14","ATP6V1G2","ENSG00000213760","534",0.558903821610592,0.0422856411395466,"Oxidative Phosphorylation"
"492",74,"3.6.3.14","ATP6V1G2","ENSG00000227587","534",0.558903821610592,0.0422856411395466,"Oxidative Phosphorylation"
"493",74,"3.6.3.14","ATP6V1G2","ENSG00000206445","534",0.558903821610592,0.0422856411395466,"Oxidative Phosphorylation"
"494",74,"3.6.3.14","ATP6V1G2","ENSG00000226850","534",0.558903821610592,0.0422856411395466,"Oxidative Phosphorylation"
"495",74,"3.6.3.14","ATP6V1G2","ENSG00000234920","534",0.558903821610592,0.0422856411395466,"Oxidative Phosphorylation"
"496",74,"3.6.3.14","ATP6V1G2","ENSG00000234668","534",0.558903821610592,0.0422856411395466,"Oxidative Phosphorylation"
"497",74,"3.6.3.14","ATP6V1G2","ENSG00000230900","534",0.558903821610592,0.0422856411395466,"Oxidative Phosphorylation"
"498",74,"3.6.3.14","ATP6V0A1","ENSG00000033627","535",0.558903821610592,0.0422856411395466,"Oxidative Phosphorylation"
"499",74,"3.6.3.14","ATP6AP1","ENSG00000071553","537",0.558903821610592,0.0422856411395466,"Oxidative Phosphorylation"
"500",74,"3.6.3.14","ATP5O","ENSG00000241837","539",0.558903821610592,0.0422856411395466,"Oxidative Phosphorylation"
"501",74,"3.6.3.14","ATP6","ENSG00000198899","4508",0.558903821610592,0.0422856411395466,"Oxidative Phosphorylation"
"502",74,"3.6.3.14","ATP8","ENSG00000228253","4509",0.558903821610592,0.0422856411395466,"Oxidative Phosphorylation"
"503",74,"3.6.3.14","ATP6V0E1","ENSG00000113732","8992",0.558903821610592,0.0422856411395466,"Oxidative Phosphorylation"
"504",74,"3.6.3.14","ATP6V0D1","ENSG00000159720","9114",0.558903821610592,0.0422856411395466,"Oxidative Phosphorylation"
"505",74,"3.6.3.14","ATP6V1F","ENSG00000128524","9296",0.558903821610592,0.0422856411395466,"Oxidative Phosphorylation"
"506",74,"3.6.3.14","ATP6V1G1","ENSG00000136888","9550",0.558903821610592,0.0422856411395466,"Oxidative Phosphorylation"
"507",74,"3.6.3.14","ATP5J2","ENSG00000241468","9551",0.558903821610592,0.0422856411395466,"Oxidative Phosphorylation"
"508",74,"3.6.3.14","TCIRG1","ENSG00000110719","10312",0.558903821610592,0.0422856411395466,"Oxidative Phosphorylation"
"509",74,"3.6.3.14","ATP5H","ENSG00000167863","10476",0.558903821610592,0.0422856411395466,"Oxidative Phosphorylation"
"510",74,"3.6.3.14","ATP5L","ENSG00000167283","10632",0.558903821610592,0.0422856411395466,"Oxidative Phosphorylation"
"511",74,"3.6.3.14","ATP6V0A2","ENSG00000185344","23545",0.558903821610592,0.0422856411395466,"Oxidative Phosphorylation"
"512",74,"3.6.3.14","DDX58","ENSG00000107201","23586",0.558903821610592,0.0422856411395466,"Oxidative Phosphorylation"
"513",74,"3.6.3.14","ATP6V0A4","ENSG00000105929","50617",0.558903821610592,0.0422856411395466,"Oxidative Phosphorylation"
"514",74,"3.6.3.14","ATP6V1D","ENSG00000100554","51382",0.558903821610592,0.0422856411395466,"Oxidative Phosphorylation"
"515",74,"3.6.3.14","ATP6V1H","ENSG00000047249","51606",0.558903821610592,0.0422856411395466,"Oxidative Phosphorylation"
"516",74,"3.6.3.14","DHX58","ENSG00000108771","79132",0.558903821610592,0.0422856411395466,"Oxidative Phosphorylation"
"517",74,"3.6.3.14","ATP6V1E2","ENSG00000250565","90423",0.558903821610592,0.0422856411395466,"Oxidative Phosphorylation"
"518",74,"3.6.3.14","ATP6V1G3","ENSG00000151418","127124",0.558903821610592,0.0422856411395466,"Oxidative Phosphorylation"
"519",74,"3.6.3.14","ATP6V1G3","ENSG00000263014","127124",0.558903821610592,0.0422856411395466,"Oxidative Phosphorylation"
"520",74,"3.6.3.14","ATP6V0E2","ENSG00000171130","155066",0.558903821610592,0.0422856411395466,"Oxidative Phosphorylation"
"521",74,"3.6.3.14","ATP6V0D2","ENSG00000147614","245972",0.558903821610592,0.0422856411395466,"Oxidative Phosphorylation"
"522",74,"3.6.3.14","ATP6V1C2","ENSG00000143882","245973",0.558903821610592,0.0422856411395466,"Oxidative Phosphorylation"
"523",75,"1.6.5.3","ND1","ENSG00000198888","4535",0,1,"Oxidative Phosphorylation"
"524",75,"1.6.5.3","ND2","ENSG00000198763","4536",0,1,"Oxidative Phosphorylation"
"525",75,"1.6.5.3","ND3","ENSG00000198840","4537",0,1,"Oxidative Phosphorylation"
"526",75,"1.6.5.3","ND4","ENSG00000198886","4538",0,1,"Oxidative Phosphorylation"
"527",75,"1.6.5.3","ND4L","ENSG00000212907","4539",0,1,"Oxidative Phosphorylation"
"528",75,"1.6.5.3","ND5","ENSG00000198786","4540",0,1,"Oxidative Phosphorylation"
"529",75,"1.6.5.3","ND6","ENSG00000198695","4541",0,1,"Oxidative Phosphorylation"
"530",75,"1.6.5.3","NDUFA1","ENSG00000125356","4694",0,1,"Oxidative Phosphorylation"
"531",75,"1.6.5.3","NDUFA2","ENSG00000131495","4695",0,1,"Oxidative Phosphorylation"
"532",75,"1.6.5.3","NDUFA3","ENSG00000170906","4696",0,1,"Oxidative Phosphorylation"
"533",75,"1.6.5.3","NDUFA3","ENSG00000276061","4696",0,1,"Oxidative Phosphorylation"
"534",75,"1.6.5.3","NDUFA3","ENSG00000277722","4696",0,1,"Oxidative Phosphorylation"
"535",75,"1.6.5.3","NDUFA3","ENSG00000275724","4696",0,1,"Oxidative Phosphorylation"
"536",75,"1.6.5.3","NDUFA3","ENSG00000274359","4696",0,1,"Oxidative Phosphorylation"
"537",75,"1.6.5.3","NDUFA3","ENSG00000278365","4696",0,1,"Oxidative Phosphorylation"
"538",75,"1.6.5.3","NDUFA3","ENSG00000276220","4696",0,1,"Oxidative Phosphorylation"
"539",75,"1.6.5.3","NDUFA3","ENSG00000273642","4696",0,1,"Oxidative Phosphorylation"
"540",75,"1.6.5.3","NDUFA3","ENSG00000275605","4696",0,1,"Oxidative Phosphorylation"
"541",75,"1.6.5.3","NDUFA3","ENSG00000276766","4696",0,1,"Oxidative Phosphorylation"
"542",75,"1.6.5.3","NDUFA4","ENSG00000189043","4697",0,1,"Oxidative Phosphorylation"
"543",75,"1.6.5.3","NDUFA5","ENSG00000128609","4698",0,1,"Oxidative Phosphorylation"
"544",75,"1.6.5.3","NDUFA6","ENSG00000184983","4700",0,1,"Oxidative Phosphorylation"
"545",75,"1.6.5.3","NDUFA6","ENSG00000273397","4700",0,1,"Oxidative Phosphorylation"
"546",75,"1.6.5.3","NDUFA6","ENSG00000277365","4700",0,1,"Oxidative Phosphorylation"
"547",75,"1.6.5.3","NDUFA6","ENSG00000272765","4700",0,1,"Oxidative Phosphorylation"
"548",75,"1.6.5.3","NDUFA6","ENSG00000281013","4700",0,1,"Oxidative Phosphorylation"
"549",75,"1.6.5.3","NDUFA7","ENSG00000267855","4701",0,1,"Oxidative Phosphorylation"
"550",75,"1.6.5.3","NDUFA8","ENSG00000119421","4702",0,1,"Oxidative Phosphorylation"
"551",75,"1.6.5.3","NDUFA9","ENSG00000139180","4704",0,1,"Oxidative Phosphorylation"
"552",75,"1.6.5.3","NDUFA10","ENSG00000130414","4705",0,1,"Oxidative Phosphorylation"
"553",75,"1.6.5.3","NDUFA10","ENSG00000281434","4705",0,1,"Oxidative Phosphorylation"
"554",75,"1.6.5.3","NDUFAB1","ENSG00000004779","4706",0,1,"Oxidative Phosphorylation"
"555",75,"1.6.5.3","NDUFB1","ENSG00000183648","4707",0,1,"Oxidative Phosphorylation"
"556",75,"1.6.5.3","NDUFB2","ENSG00000090266","4708",0,1,"Oxidative Phosphorylation"
"557",75,"1.6.5.3","NDUFB3","ENSG00000119013","4709",0,1,"Oxidative Phosphorylation"
"558",75,"1.6.5.3","NDUFB4","ENSG00000065518","4710",0,1,"Oxidative Phosphorylation"
"559",75,"1.6.5.3","NDUFB5","ENSG00000136521","4711",0,1,"Oxidative Phosphorylation"
"560",75,"1.6.5.3","NDUFB6","ENSG00000165264","4712",0,1,"Oxidative Phosphorylation"
"561",75,"1.6.5.3","NDUFB7","ENSG00000099795","4713",0,1,"Oxidative Phosphorylation"
"562",75,"1.6.5.3","NDUFB8","ENSG00000166136","4714",0,1,"Oxidative Phosphorylation"
"563",75,"1.6.5.3","NDUFB9","ENSG00000147684","4715",0,1,"Oxidative Phosphorylation"
"564",75,"1.6.5.3","NDUFB10","ENSG00000140990","4716",0,1,"Oxidative Phosphorylation"
"565",75,"1.6.5.3","NDUFC1","ENSG00000109390","4717",0,1,"Oxidative Phosphorylation"
"566",75,"1.6.5.3","NDUFC2","ENSG00000151366","4718",0,1,"Oxidative Phosphorylation"
"567",75,"1.6.5.3","NDUFS1","ENSG00000023228","4719",0,1,"Oxidative Phosphorylation"
"568",75,"1.6.5.3","NDUFS1","ENSG00000283447","4719",0,1,"Oxidative Phosphorylation"
"569",75,"1.6.5.3","NDUFS2","ENSG00000158864","4720",0,1,"Oxidative Phosphorylation"
"570",75,"1.6.5.3","NDUFS3","ENSG00000213619","4722",0,1,"Oxidative Phosphorylation"
"571",75,"1.6.5.3","NDUFV1","ENSG00000167792","4723",0,1,"Oxidative Phosphorylation"
"572",75,"1.6.5.3","NDUFS4","ENSG00000164258","4724",0,1,"Oxidative Phosphorylation"
"573",75,"1.6.5.3","NDUFS5","ENSG00000168653","4725",0,1,"Oxidative Phosphorylation"
"574",75,"1.6.5.3","NDUFS6","ENSG00000145494","4726",0,1,"Oxidative Phosphorylation"
"575",75,"1.6.5.3","NDUFS8","ENSG00000110717","4728",0,1,"Oxidative Phosphorylation"
"576",75,"1.6.5.3","NDUFV2","ENSG00000178127","4729",0,1,"Oxidative Phosphorylation"
"577",75,"1.6.5.3","NDUFV3","ENSG00000160194","4731",0,1,"Oxidative Phosphorylation"
"578",75,"1.6.5.3","NDUFA13","ENSG00000186010","51079",0,1,"Oxidative Phosphorylation"
"579",75,"1.6.5.3","NDUFB11","ENSG00000147123","54539",0,1,"Oxidative Phosphorylation"
"580",75,"1.6.5.3","NDUFA12","ENSG00000184752","55967",0,1,"Oxidative Phosphorylation"
"581",75,"1.6.5.3","NDUFA4L2","ENSG00000185633","56901",0,1,"Oxidative Phosphorylation"
"582",75,"1.6.5.3","NDUFA11","ENSG00000174886","126328",0,1,"Oxidative Phosphorylation"
"583",75,"1.6.5.3","NDUFS7","ENSG00000115286","374291",0,1,"Oxidative Phosphorylation"
"584",76,"1.11.1.9","GPX1","ENSG00000233276","2876",1.59966686035746,0.512881290411274,"Oxidative stress"
"585",76,"1.11.1.9","GPX2","ENSG00000176153","2877",1.59966686035746,0.512881290411274,"Oxidative stress"
"586",76,"1.11.1.9","GPX3","ENSG00000211445","2878",1.59966686035746,0.512881290411274,"Oxidative stress"
"587",76,"1.11.1.9","GPX5","ENSG00000224586","2880",1.59966686035746,0.512881290411274,"Oxidative stress"
"588",76,"1.11.1.9","GPX5","ENSG00000257770","2880",1.59966686035746,0.512881290411274,"Oxidative stress"
"589",76,"1.11.1.9","GPX7","ENSG00000116157","2882",1.59966686035746,0.512881290411274,"Oxidative stress"
"590",76,"1.11.1.9","GPX6","ENSG00000198704","257202",1.59966686035746,0.512881290411274,"Oxidative stress"
"591",76,"1.11.1.9","GPX6","ENSG00000281185","257202",1.59966686035746,0.512881290411274,"Oxidative stress"
"592",77,"1.8.1.7","GSR","ENSG00000104687","2936",-0.3408703685323,0.581306944006487,"Oxidative stress"
